,Flowering.time.at.Arkansas,Flag.leaf.length,Flag.leaf.width,Awn.presence,Panicle.number.per.plant,Plant.height,Panicle.length,Primary.panicle.branch.number,Seed.number.per.panicle,Florets.per.panicle,Panicle.fertility,Seed.length,Seed.width,Seed.length.width.ratio,Blast.resistance,Amylose.content,Alkali.spreading.value,Protein.content
NSFTV1@86f75d2b.0,75.08333333,28.375,1.283333333,0,3.068052935,110.9166667,20.48181818,9.272727273,4.785975442,4.914658225,0.879,8.064116667,3.685183333,2.188,8,15.61333333,6.083333334,8.45
NSFTV3@5ef1be74.0,89.5,39.00833333,1,0,4.051784948,143.5,26.83333333,9.166666667,4.439705746,4.727387819,0.75,7.705383333,2.951458333,2.611,4,23.26,5.638888889,9.2
NSFTV4@81d03b86.0,94.5,27.68333333,1.516666667,0,3.124565145,128.0833333,23.53333333,8.666666667,5.07970897,5.146436835,0.935,8.237575,2.926366667,2.815,3,23.12,5.527777778,8
NSFTV5@5533f406.0,87.5,30.41666667,0.891666667,0,3.697178257,153.75,28.96363636,6.363636364,4.523960131,4.730921391,0.813,9.709375,2.3821,4.076,5,19.32333333,6.027777778,9.6
NSFTV6@0d125c0e.0,89.08333333,36.90833333,1.75,0,2.857427602,148.3333333,30.91666667,11.16666667,5.538645743,5.676468373,0.871,7.118183333,3.281891667,2.169,3,23.24,5.444444445,8.5
NSFTV7@e37be9e5.0,105,36.99,1.55,1,2.859021228,119.6,24.625,13.33333333,5.338018733,5.43590303,0.907,7.347254545,2.528890909,2.905,2,20.18666667,6,11.75
NSFTV8@30c3073f.0,101.5833333,41.95,1.858333333,0,2.621038824,147.4166667,31.5,12.22222222,5.54691205,5.794705943,0.781,8.572091667,2.654675,3.229,2,22.195,6.75,8.7
NSFTV9@2a9d8d47.0,73,24.425,1.2125,1,2.924504764,128.875,20.2,7.875,4.620058798,4.739482524,0.887,7.679875,3.3821875,2.271,9,22.56333333,5.25,9.9
NSFTV10@2e1c9c87.0,89,27.9,1,1,3.650658241,83,22.16666667,10.33333333,4.110873864,4.733270189,0.537,7.859,3.23325,2.431,2,15.09666667,7,9.5
NSFTV13@660f0236.0,100.3333333,37.875,1.225,1,3.493134877,135.1666667,25.49,8.6,4.907494535,5.017279837,0.896,8.36956,2.73408,3.061,6,25.255,4.708333334,8.05
NSFTV16@f0328a18.0,90.25,29.98888889,0.966666667,0,3.431295413,161.8333333,30.575,8.875,4.738145869,4.890349128,0.859,9.964958333,2.43615,4.09,5,20.88666667,5.722222222,9.65
NSFTV17@446f6c62.0,83,19,1.2,NA,3.526360525,88,20.26666667,9.666666667,5.036952602,5.105945474,0.933,6.897466667,2.970766667,2.322,1,13.93,6.5,9.2
NSFTV18@cbd6b346.0,98.83333333,32.76666667,0.991666667,1,3.858973784,132,24.75555556,8,4.774529304,4.821746767,0.954,7.658116667,2.88365,2.656,2,26.32333333,5,7.95
NSFTV19@d22c8e33.0,84.66666667,25,1.425,0,3.731699451,121.1666667,21.725,8.5,4.58156032,4.692112116,0.895,8.075316667,3.071875,2.629,1,23.94,6.611111111,8.9
NSFTV20@6af7c9fc.0,104,33.43333333,1.491666667,0,2.713590381,130.5,24.35454545,12.81818182,5.443597652,5.551196227,0.898,8.209158333,3.293458333,2.493,6,17.81666667,7,8.55
NSFTV21@fa4c4111.0,98.75,34.69166667,0.966666667,0,4.108137884,127.25,27.43333333,10.88888889,4.985887124,5.128582925,0.867,7.103891667,3.213966667,2.21,3,24.76333333,5.666666667,7.85
NSFTV22@52c6e2ba.0,101.6666667,43.53333333,1.6,NA,2.512305624,120.6666667,29.6,13.66666667,5.497168225,5.631211782,0.875,8.6127,3.452566667,2.495,1,23.25,5,8.7
NSFTV23@7741d7c1.0,103.4444444,36.38888889,1.166666667,0,2.899588413,112.4444444,21.4,9.166666667,4.652901589,4.958171725,0.737,8.624533333,3.2538,2.651,2,22.665,6,8.85
NSFTV24@e074229f.0,90.91666667,35.90833333,1.533333333,0,2.899588413,132.8333333,23,8.833333333,4.856989537,5.063170242,0.814,9.6739,3.268941667,2.959,1,21.41,5.5,8.4
NSFTV25@1ce7093b.0,92.18181818,35.75,1.3,0,3.139438994,132.125,21.46666667,9,5.04065631,5.156589207,0.891,8.751936364,3.102945455,2.821,5,20.43666667,6.5,8
NSFTV26@32a15c4d.0,92.33333333,38.61666667,1.65,0,2.651960734,136.9166667,25.80833333,10.91666667,5.078293943,5.233778845,0.856,9.636363636,3.230136364,2.983,2,17.39,5.083333334,8.1
NSFTV27@1956dd3f.0,89.75,34.06666667,1.566666667,0,2.614959778,96.33333333,23.725,11.58333333,4.899703733,5.093750201,0.824,10.1823,3.644508333,2.794,1,11.10333333,2,8.85
NSFTV29@30646147.0,90.5,30.05,1.075,0,NA,121.8888889,24.8,8.333333333,4.672828834,4.700480366,0.973,7.8074,2.9248,2.669,6,23.06333333,5,7.5
NSFTV30@dd6e755e.0,104,30.1,0.95,1,3.801091445,121.4444444,22.725,9,4.765018887,4.862393051,0.907,8.477266667,2.576816667,3.29,1,24.02,6.638888889,7.7
NSFTV31@d2da857d.0,89,29.85,0.833333333,0,3.044522438,118.3333333,22.41666667,10.33333333,5.0604831,5.130884422,0.932,7.130816667,3.33185,2.14,6,19.73,7,6.8
NSFTV32@068b860d.0,92.66666667,30.23333333,1.133333333,1,2.820055259,128.1111111,25,13,5.372703078,5.528546864,0.856,6.819333333,3.423422222,1.992,4,18.415,7,7.9
NSFTV33@2b4e06fe.0,82.25,30.8,1.333333333,1,3.320228319,126.25,20.49166667,7.916666667,4.888676887,4.932072972,0.958,7.325583333,2.77925,2.636,5,23.44,4.777777778,8.05
NSFTV34@c03e2c51.0,97,39.36666667,0.95,0,3.135494216,117.5555556,23.11666667,10.83333333,4.16752618,4.982845297,0.442,7.4407,2.684366667,2.772,9,21.04,7,10.4
NSFTV36@2593e5a7.0,92.41666667,33.95833333,1.166666667,0,3.354677366,130.25,22.80909091,13,5.295586368,5.412457411,0.89,7.940881818,3.175354545,2.501,9,15.145,6.916666667,7.65
NSFTV37@69527f35.0,85.83333333,24.91666667,1.191666667,0,2.552045953,101.5833333,26.05555556,13.44444444,5.251225759,5.407171771,0.856,9.258,2.571183333,3.601,6,21.09,4.083333334,7.6
NSFTV39@014ab0f1.0,95.16666667,39.85,0.858333333,0,4.016383021,150.4166667,28.01111111,8.222222222,4.472273513,4.692366731,0.802,9.159608333,3.341125,2.741,8,22.8,7,8.45
NSFTV40@76f56677.0,95.66666667,33.09166667,1.6,0,2.970414466,114.75,27.73636364,8.818181818,4.944236458,5.192956851,0.78,8.222341667,3.756733333,2.189,4,0.21,7,8.7
NSFTV43@e5951598.0,92.25,24.34166667,1.283333333,0,3.739651779,98.66666667,25.9,10.09090909,5.0286538,5.182294145,0.858,7.577,3.179191667,2.383,7,24.985,5.944444445,8.35
NSFTV44@7d4c6c4e.0,81.83333333,37.61666667,1.716666667,0,3.54577861,136,28.64545455,10.36363636,5.329639838,5.377800477,0.953,8.412563636,2.638754545,3.188,5,24.23666667,3.208333334,7.55
NSFTV45@8d6aded4.0,81.75,25.81666667,0.891666667,1,3.358637767,141.1666667,28.85,7.9,4.548599834,4.676560182,0.88,9.447275,2.908825,3.248,5,19.205,5.111111111,9.05
NSFTV46@68c2ecf8.0,95.58333333,39.78888889,1.366666667,1,3.125785402,127.25,21.91111111,9.444444444,4.703506087,4.903627332,0.819,9.8472,2.981063636,3.303,1,22.195,5.666666667,8.5
NSFTV49@21d3f1b3.0,96,24.75833333,0.883333333,1,3.715602524,127.1666667,22.8,7.666666667,4.68981766,4.767855768,0.925,7.147358333,2.836383333,2.52,3,26.095,5.458333334,8.4
NSFTV51@57d7feea.0,102.6,27.95,1.08,0,3.234749174,123.1428571,23.975,10.88888889,4.932673753,5.137267945,0.815,7.36546,3.49469,2.108,8,18.78,6.958333334,8.6
NSFTV53@61b7bf53.0,91,31.92222222,0.866666667,0,3.314186005,152.5,30.8,8.875,4.766911035,4.919980926,0.858,9.8331,2.410925,4.079,4,20.975,5.666666667,8.75
NSFTV54@06334433.0,108.8333333,45.33333333,1.766666667,0,2.735449175,133,29.11111111,14,5.240423388,5.386786015,0.864,9.477358333,2.989266667,3.17,7,23.715,6,8.3
NSFTV55@ef8fd965.0,74.91666667,27.21111111,0.877777778,1,3.414990704,101.3333333,25.55555556,5.555555556,4.021375542,4.259545078,0.788,8.93616,3.29885,2.709,6,17.21,6.916666667,11.9
NSFTV56@652530bb.0,74.125,21,1.15,NA,3.388618599,77,NA,NA,4.760952188,4.816819358,0.946,7.1648625,3.32005,2.158,4,13.22333333,7,8.1
NSFTV57@71d5fcf4.0,89.83333333,23.325,1.158333333,0,4.037186148,137.1666667,24.35454545,8.5,4.748089195,4.888296442,0.869,7.331733333,3.080108333,2.38,4,23.42333333,5.666666667,7.95
NSFTV58@9c099b78.0,91.25,40.05833333,1.408333333,0,3.58120144,129.1666667,24.15555556,10.11111111,5.133180635,5.232296265,0.906,7.914516667,3.30515,2.395,7,26.32,4.472222222,8.05
NSFTV59@a5ec1b10.0,82.16666667,22.83333333,1.7,1,2.463853241,136.5555556,21.77777778,11.22222222,5.010635294,5.166688924,0.856,7.270466667,3.395341667,2.141,7,18.245,4.041666667,9.1
NSFTV60@7f7fb805.0,82.33333333,34.475,1.45,1,2.983153491,128.9166667,27.12727273,10.33333333,5.110343502,5.43649703,0.722,7.839541667,3.308983333,2.369,8,18.275,5.208333334,8.9
NSFTV65@1ab838a2.0,100.75,41.18333333,1.625,0,2.995732274,129.5833333,25.09166667,10,4.886582645,5.059425458,0.841,9.707925,3.234433333,3.001,4,23.46333333,5.083333334,8
NSFTV67@39dd7feb.0,114.6666667,33.78333333,0.895833333,0,3.355735008,123.9166667,22.96363636,11.81818182,5.356193116,5.502278098,0.864,7.438633333,3.46265,2.148,6,24.395,7,8.5
NSFTV69@c14c4e03.0,93.25,32.35,1.258333333,0,2.913256052,113.5833333,24.4,12.09090909,5.129898715,5.305563775,0.839,9.304475,2.845291667,3.27,1,20.09,4.98,9.5
NSFTV70@efbb93de.0,90.5,27.41666667,1.566666667,0,3.016351561,128,23.22727273,9.545454545,4.759061092,4.972964894,0.807,8.639475,3.177483333,2.719,3,18.38,4.75,8.1
NSFTV71@61cc3858.0,100.75,36.88888889,1.011111111,0,3.80666249,99.16666667,28.05,10.66666667,4.906755164,5.272486607,0.694,7.996477778,2.844955556,2.811,1,23.97,7,NA
NSFTV72@12d82364.0,108.1666667,28.66666667,1.411111111,0,3.557726184,90.66666667,25.15,11.33333333,5.261538115,5.375278408,0.892,8.41835,2.878175,2.925,1,23.13,7,8.5
NSFTV73@97dcf87d.0,91.41666667,35.35833333,1.441666667,0,2.983153491,102.9166667,23.40833333,11.66666667,4.793722293,5.010635294,0.805,9.897391667,3.152666667,3.139,1,14.22,2.083333334,8.7
NSFTV74@55d3afae.0,99.33333333,35.35,1.291666667,0,3.58120144,104.0833333,30.39166667,10.58333333,5.230662885,5.340338642,0.896,9.523025,2.401016667,3.966,3,24.77,7,8.1
NSFTV75@b0816082.0,87.66666667,35.06666667,1.425,1,2.414289083,132.4166667,32.83333333,10.25,5.05677645,5.720584963,0.515,7.991241667,3.120033333,2.561,3,19.515,5.375,11.15
NSFTV76@cb5e38e6.0,110.1666667,27.09166667,1.416666667,0,3.514029912,94.08333333,25.91818182,12.81818182,5.19648597,5.354869536,0.854,8.556491667,3.0905,2.769,1,25.43,7,7.7
NSFTV77@45ec7861.0,125,34.18,1.25,0,3.335176281,144.8,24.44,12.5,5.210396485,5.398162702,0.829,7.366336364,3.238527273,2.275,5,24.36666667,7,9.15
NSFTV78@66d97672.0,98.83333333,32.53333333,1.341666667,0,3.48635519,133.75,25.12222222,9.666666667,5.056824677,5.127205473,0.932,9.180466667,2.737625,3.353,4,26.345,5.0625,7.7
NSFTV79@c0936cf1.0,76.25,27.9,1.108333333,1,3.075774981,91.16666667,24.71818182,12.09090909,5.039899849,5.150133697,0.896,8.558916667,3.266091667,2.621,7,10.58666667,6.375,7.3
NSFTV80@02d095ba.0,110.5714286,48.2,0.991666667,NA,3.983413002,106,27.56666667,10,4.410776048,5.400422589,0.372,9.08107,2.72842,3.328,4,25.62,5.5,NA
NSFTV81@006dfe9b.0,83.25,34.43333333,1.311111111,0,3.49144426,139.3333333,26.17777778,7.625,4.926045226,5.013409221,0.916,9.49555,2.652916667,3.579,1,25.43,4.875,8.4
NSFTV83@becfe767.0,79,23.99,0.89,0,3.280911216,106.6,19.62222222,10.66666667,4.870947423,5.0604831,0.827,6.93865,3.41136,2.034,4,11.60333333,6.375,8.1
NSFTV84@7bee5b9f.0,89.16666667,33.55,1.666666667,1,2.319114395,132.5833333,30.96666667,9.916666667,5.231108617,5.606108392,0.687,7.857083333,3.367133333,2.333,4,20.385,5.25,9.3
NSFTV85@328163e1.0,100.75,31,1.166666667,1,3.860729711,143.1666667,28.45,9.5,5.04234927,5.108971195,0.936,7.378733333,2.55115,2.892,7,26.59,4.666666667,7.55
NSFTV87@64fa0112.0,101.25,37.5875,1.4125,0,2.618438042,116.125,24.94285714,10.5,5.041990396,5.283767586,0.785,8.61393,3.48906,2.469,5,0.366666667,6.375,8.9
NSFTV89@897c5eef.0,90.91666667,36.05,1.558333333,0,2.442347035,114.6666667,24,11.16666667,5.520794029,5.672463791,0.859,6.794891667,3.184908333,2.133,1,22.22,6.083333334,7.9
NSFTV90@743f41c1.0,82.58333333,27.3,1.15,0,3.826663156,127.1666667,25.66363636,9.818181818,4.750450471,4.868932075,0.888,7.897816667,3.239491667,2.438,3,0.095,6.958333334,8.15
NSFTV92@5df8f871.0,91.6,35.23333333,1.7,0,2.538973871,123.4444444,23.83333333,11.11111111,5.034243308,5.175678812,0.868,7.972683333,3.696691667,2.157,1,17.53333333,4.611111111,8.75
NSFTV93@9f1f4614.0,88.25,28.44444444,1.122222222,1,3.659278984,150.4444444,29.0875,9.75,4.639132342,4.865434345,0.797,9.468733333,2.414975,3.921,6,17.14666667,3.75,9.15
NSFTV94@20a4c97d.0,83.91666667,29.20833333,0.916666667,0,3.719651113,93.16666667,21.46666667,9.666666667,4.680446307,4.89987301,0.803,7.324108333,3.436916667,2.131,4,15.45333333,6.666666667,7.5
NSFTV96@32a6808e.0,104.3,37.02222222,1.111111111,0,2.610069793,101.6666667,22.58888889,8.444444444,4.840681386,5.07030085,0.795,8.394,3.38442,2.48,5,12.025,7,9.75
NSFTV98@6ab77e3e.0,83.83333333,25.2375,1.1375,0,3.098589659,83.88888889,22.67142857,11.57142857,4.893352133,5.043425117,0.861,9.970590909,2.495972727,3.995,5,26.34,3.958333334,8.2
NSFTV99@7eb7c6a8.0,90.16666667,33.2,1.541666667,0,2.922265122,134.3333333,26.70909091,9.909090909,4.752806185,5.011846681,0.772,9.583266667,3.157791667,3.035,2,22.495,5.138888889,8.95
NSFTV100@1f10be3d.0,84.11111111,27.62222222,1.611111111,0,2.978925155,114.8888889,23.94444444,11.55555556,5.032614201,5.340738082,0.735,8.138033333,3.382633333,2.406,3,10.60333333,6.958333334,8.7
NSFTV101@9f782e9e.0,86.16666667,27.625,1.45,0,2.818398258,86.16666667,27.45,11.08333333,4.894101478,5.209030676,0.73,9.632391667,2.644466667,3.642,8,20.51333333,6,9.5
NSFTV102@6e26f4cc.0,NA,27.85,1.1,1,3.481240089,105.5,30.75,10.5,4.600157644,4.86753445,0.765,9.8055,2.4696,3.97,1,21.25333333,5,8.7
NSFTV103@8c76404c.0,84,30.175,1.05,0,2.957511061,95.08333333,24.13333333,9.777777778,4.881538499,4.998900038,0.889,7.528083333,3.534583333,2.13,4,16.97666667,6.916666667,7.75
NSFTV104@8629f76c.0,77.5,27.64166667,1.125,1,3.139110856,110.3333333,23.625,11.41666667,4.892227063,5.028256895,0.873,6.606108333,3.321841667,1.989,7,8.59,6.875,8.45
NSFTV105@16463092.0,80.5,31.83333333,1.533333333,0,3.727699446,131.1111111,24.9625,8,5.042251408,5.11635938,0.929,7.614041667,2.793958333,2.725,4,24.64333333,4.833333334,7.2
NSFTV106@8a06320f.0,102.8333333,30.15,1.441666667,0,3.493979115,93.83333333,25.90833333,9.166666667,4.892852258,5.083472618,0.826,9.4203,2.934808333,3.21,0,14.09333333,3.388888889,7.45
NSFTV107@7b7a0d82.0,81.41666667,28.64166667,1.266666667,0,3.012261576,114.25,23.2,10.27272727,4.521788577,4.953262954,0.65,9.943041667,3.080191667,3.228,0,18.88,5.375,9
NSFTV108@e3b049a9.0,102.1666667,41,1.583333333,0,2.47793798,112.7777778,29.18333333,12.5,5.11131822,5.279813895,0.845,9.037366667,3.417566667,2.644,1,22.68,6,9.35
NSFTV110@11bf5114.0,150.5,44.83,1.3,0,3.601868077,143.4444444,26.76666667,10.125,4.807657412,5.101896885,0.745,8.7916,3.247266667,2.707,4,24.92333333,7,7.5
NSFTV112@531e23fa.0,97,33.67,1.05,0,3.438011355,151.4285714,27.62222222,10.66666667,4.893760936,5.062019493,0.845,8.7536,2.245333333,3.899,1,22.745,7,7.65
NSFTV113@7a723d9e.0,59,29.31818182,0.845454545,1,3.325689829,90.90909091,18.76,7.1,4.475061501,4.635699391,0.852,7.332636364,3.387509091,2.165,5,15.38,7,8.45
NSFTV114@eac19fb8.0,84.58333333,37.6,1.625,0,3.028522096,108.8333333,26.64166667,12.66666667,5.165737902,5.642202536,0.621,8.137845455,3.232454545,2.518,3,14.03,6.958333334,9.1
NSFTV115@0bca95e0.0,105,15.41666667,0.716666667,1,2.890371758,123.3333333,20.98333333,8,4.465908119,4.586666714,0.886,8.023333333,3.708816667,2.163,9,21.32,6,8.7
NSFTV116@6cedf6aa.0,91.08333333,38.88333333,1.458333333,0,2.696876901,136.0833333,26.34545455,11.27272727,5.148022878,5.348837635,0.818,9.164941667,2.987408333,3.068,5,19.60666667,5.041666667,8.2
NSFTV117@5b144b9c.0,82.75,24.075,0.975,0,3.928552307,135.0833333,25.45555556,9.555555556,4.794286786,4.88073367,0.917,7.897675,3.241233333,2.437,4,0.453333333,7,7.95
NSFTV118@71bd9426.0,73.33333333,25.66666667,1.177777778,0,3.17805383,106.8888889,18.05,9.833333333,4.716264233,4.812184355,0.909,7.854366667,3.729766667,2.106,9,12.57666667,7,7.95
NSFTV119@3aa51818.0,114,45.71666667,1.116666667,0,3.648491393,90.91666667,30.79090909,11.45454545,5.030437921,5.362997923,0.717,9.937891667,2.75335,3.609,1,21.95,7,9.25
NSFTV120@8e6220e5.0,92.91666667,34.80833333,1.583333333,0,2.978925155,135.0833333,26.09090909,11.27272727,4.931198463,5.043425117,0.894,9.167141667,3.156908333,2.904,1,19.57,5.791666667,8.35
NSFTV121@280279b3.0,84.16666667,32.53333333,1.008333333,0,2.803360381,113.6666667,22.10909091,10.72727273,4.72812501,5.065228693,0.714,7.50465,3.709325,2.023,4,15.28333333,6.5,8.2
NSFTV122@b6dc1bcc.0,107.1111111,39.46666667,1.491666667,1,3.355735008,160.1666667,29.46666667,13,4.68981766,4.934473933,0.783,7.650075,3.193858333,2.395,3,22.12666667,6.5,10.05
NSFTV123@714ac141.0,92,27.38888889,1.2,1,3.789855371,132.1111111,23.6,9.875,4.937086606,5.072328863,0.874,7.511091667,3.097058333,2.425,3,24.79,6.25,7.55
NSFTV125@63f298ba.0,92.75,41.42222222,1.188888889,0,3.801091445,153.0833333,29.48888889,10.66666667,4.987404575,5.148140263,0.852,8.212183333,3.069025,2.676,6,23.59,5.833333334,7.4
NSFTV126@0f6a67da.0,100,25.74,1.43,0,3.604893798,144,24.18571429,13.14285714,4.771625801,5.041990396,0.763,7.450941667,3.566516667,2.089,1,25.19,6.375,9.3
NSFTV128@76a1efc9.0,81.25,29,1.4,0,3.273995124,116.5555556,24.275,11.25,5.15224007,5.281818367,0.878,7.70395,3.347641667,2.301,7,16.04666667,6.916666667,7.95
NSFTV129@8fafd383.0,88.83333333,26.09166667,1.166666667,0,3.795489189,136,26.44166667,10.25,4.864324175,5.112991301,0.78,7.633277778,3.099344444,2.463,3,25.15,5.944444445,7.75
NSFTV130@a796716d.0,87.75,23.06666667,1.083333333,0,3.83765859,144.3333333,24.61111111,8.444444444,4.830493179,4.940992861,0.895,7.544575,3.120641667,2.418,4,25.355,5.5,7.65
NSFTV131@d09d62e7.0,80.77777778,34.71,1.51,1,3.453157121,139.6,27.07,9.8,5.134490392,5.280379666,0.864,8.347644444,2.7529,3.032,6,27.20666667,5.875,7.05
NSFTV132@02cc7c6d.0,104.8333333,43.16666667,1.538888889,0,3.149882953,128.8888889,29.42,13.2,5.635114226,5.836404363,0.818,8.325758333,2.7148,3.067,1,26.5,6.527777778,7.75
NSFTV133@1a95985b.0,89.625,35.125,1.1625,1,2.95099638,119.25,25.7375,12,5.324837576,5.584435717,0.771,7.322225,3.6131875,2.027,9,0.395,6.958333334,7.2
NSFTV134@4ab486ec.0,81.6,31.37272727,1.281818182,0,2.47730205,110.8181818,21.80909091,12.09090909,5.184333921,5.370215106,0.83,8.646136364,3.961845455,2.182,5,15.03333333,6.25,9.9
NSFTV137@8653bbdb.0,82.33333333,30.83333333,1.133333333,0,4.04158821,130.2222222,27.91666667,8.666666667,4.675374445,4.728192001,0.949,8.116016667,3.0161,2.691,1,22.43333333,5.388888889,7.95
NSFTV138@1a946dc6.0,NA,43.25,0.716666667,0,3.737669618,139.2222222,24.56666667,11.16666667,3.751183337,4.722318099,0.379,7.243433333,2.883,2.512,6,25.72666667,7,9.6
NSFTV139@bd0d322b.0,89.6,33.06,1.19,0,2.602689685,107.1,28.79,14.5,5.521860838,5.730424406,0.812,9.04751,2.33926,3.868,9,21.58,4.833333334,8.2
NSFTV140@85551f9c.0,82.45454545,30.15454545,1.372727273,0,3.113515309,99.81818182,22.92,10.3,4.841822087,5.245443877,0.668,8.251154545,3.134427273,2.632,6,12.63333333,6.541666667,8.95
NSFTV141@a8319fc6.0,100.5,39.15,1.066666667,NA,3.592735594,129.3333333,26.28333333,12.83333333,4.727387819,5.403427851,0.509,8.075283333,2.432666667,3.32,1,23.28,6.916666667,NA
NSFTV142@806c51cc.0,111.8888889,36.96666667,1.088888889,1,3.884994333,194.3333333,29.71111111,10.66666667,4.906919516,5.073088309,0.847,8.161122222,2.8885,2.825,1,25.235,7,8.8
NSFTV143@3ea144c5.0,96.33333333,37.69,1.04,0,3.352407217,97.5,24.78,10,5.085742767,5.184588601,0.906,7.375,3.2199,2.29,6,18.32333333,7,7.75
NSFTV144@3269952e.0,NA,21.43333333,0.766666667,0,NA,75,17.2,5.666666667,3.843030134,3.938340314,0.909,7.4059,3.2906,2.251,7,18.05,7,7.4
NSFTV145@17c4070a.0,97,27.72,1.04,0,3.691999581,157.1,23.9625,11.5,4.50313746,5.02322241,0.594,8.73453,2.84297,3.072,1,22.68,7,10.55
NSFTV147@48b4f132.0,106.8,31.95,1.44375,0,2.75860248,105.9166667,22.66666667,12.77777778,5.575949103,5.708585735,0.876,7.851966667,2.399108333,3.273,3,22.47,6.625,7.5
NSFTV149@d56e98bc.0,104,36.8,1.558333333,0,2.920769235,140.6666667,31.21111111,13.22222222,5.371154691,5.483874424,0.893,9.352316667,2.8225,3.313,6,22.97,6,8
NSFTV150@128dd425.0,83.7,34.27,1.41,0,3.010620886,107.9,25.28,9.9,4.71939133,5.365976015,0.524,8.272422222,3.139988889,2.635,7,15.03,6.541666667,8.4
NSFTV151@dee26171.0,90.4,30.68,1.06,0,3.328228362,81.1,22.92857143,9.285714286,4.856706812,5.019925341,0.849,7.4139,3.42003,2.168,1,15.84,6.361111111,8.35
NSFTV152@e4533c8b.0,83.16666667,31.9,1.241666667,1,3.463128339,153.6666667,27.45833333,8.166666667,4.941047007,5.044499808,0.902,9.394816667,2.195816667,4.279,4,26.11,5.625,9.1
NSFTV153@40f343f4.0,84.25,31.54166667,1.191666667,1,3.212186837,143.8333333,28.23333333,7.583333333,4.774912961,4.885323992,0.895,9.496883333,2.571383333,3.693,3,27.6,6,8.1
NSFTV154@dfdfb828.0,76.91666667,24.93333333,0.983333333,1,3.016351561,113.3333333,19.525,10.5,4.591747166,4.790957951,0.819,8.568158333,3.483383333,2.46,8,18.215,5,10.05
NSFTV155@9127f236.0,82.5,24.175,0.816666667,1,3.48635519,116.8333333,22.0625,9,4.564348191,4.662581093,0.906,7.519358333,3.464683333,2.17,7,18.52666667,4.611111111,10.45
NSFTV156@93387d96.0,93.83333333,33.29166667,1.308333333,0,3.79173684,98.08333333,26.3,12.41666667,4.984747523,5.14409724,0.853,7.389308333,3.115875,2.372,1,24.23,7,8.1
NSFTV157@2db62b89.0,88,34.24444444,1.122222222,0,3.266607228,98.22222222,23.67142857,10.85714286,4.951907021,5.157137753,0.814,7.3989,3.362911111,2.2,2,18.90666667,7,8
NSFTV158@6516a500.0,90,41.4,1.066666667,0,3.184974273,102.1666667,25.41666667,9.166666667,4.805386233,5.107963638,0.739,6.951116667,3.47045,2.003,6,20.11,7,8.05
NSFTV160@f659d521.0,82.83333333,26.28888889,1.022222222,1,3.392829132,134,29.28888889,8.444444444,4.698964065,4.80811103,0.897,8.377483333,3.052558333,2.744,3,18.35,5.194444445,9.35
NSFTV161@4f643bf5.0,97.25,30.78333333,1.316666667,0,3.501545355,96.11111111,24.26,12,5.562816104,5.797407734,0.791,7.683009091,3.016663636,2.547,1,23.56,5.875,7.7
NSFTV162@2b28e441.0,111,49.44444444,0.655555556,0,3.763136225,129.1111111,27.8,10.33333333,4.622295436,5.031031922,0.664,8.092125,2.514041667,3.219,8,24.88333333,7,7.6
NSFTV163@192e24ab.0,102.75,28.92222222,0.966666667,0,4.099884743,143.9166667,27.1,10.77777778,5.065754593,5.232444622,0.846,7.761075,2.610125,2.973,1,26.71666667,6.833333334,7.4
NSFTV164@72497775.0,104.8333333,29.87777778,1.755555556,1,2.737249356,110.8333333,25.03333333,13.16666667,5.367532436,5.479712568,0.894,8.875233333,3.254144444,2.727,7,20.5,6.759259259,7.2
NSFTV165@9b2223bb.0,85,25.29166667,1.366666667,1,2.538973871,134.6666667,25.95,10.33333333,5.173792908,5.634789603,0.631,7.701481818,3.309981818,2.327,8,19.18,5.375,8.8
NSFTV166@61152244.0,104.0833333,36.77916667,1.066666667,0,3.55296427,161,30.60909091,9.090909091,4.952620899,5.257968745,0.737,8.77615,2.868683333,3.059,9,27.48666667,6.166666667,8.6
NSFTV167@8e941960.0,88.08333333,30.375,1.341666667,0,3.028522096,90.33333333,26.81666667,11.25,4.603502129,5.215841145,0.542,9.16464,2.53908,3.609,6,22.11,6.125,8.9
NSFTV169@ba028784.0,85.75,35.27142857,0.957142857,0,3.228826156,143.8571429,29.34285714,8.714285714,3.853182505,4.69918082,0.429,10.567725,3.48775,3.03,6,0,6.708333334,9.7
NSFTV170@715bc18e.0,86,28.68333333,1.266666667,0,2.926739402,91,23.6,10.5,4.917544871,5.180846782,0.769,9.466366667,2.540116667,3.727,3,21.94333333,5,8.9
NSFTV171@b238d197.0,70.66666667,22.09166667,1.175,0,3.757316616,87.16666667,22.09166667,9.333333333,5.008410599,5.157617484,0.861,8.880391667,2.987925,2.972,1,25.28666667,3.444444445,7.8
NSFTV172@9ac72c9e.0,73.5,23.83333333,1.188888889,0,3.52144651,86,22.65,9.875,4.716060837,4.837003148,0.886,7.877366667,3.258775,2.417,1,22.53,5.791666667,10.5
NSFTV173@0f847952.0,90.33333333,32.76666667,1.033333333,0,2.85263143,88.11111111,23.18333333,9.833333333,4.624972813,4.758504206,0.875,7.714477778,3.313355556,2.328,3,18.17,6.416666667,7.6
NSFTV174@08de34ee.0,101.0833333,39.53333333,1.544444444,0,2.47793798,151.6666667,31.24285714,14.42857143,5.088477781,5.277385531,0.828,9.854327273,2.849645455,3.458,2,22.84,6.25,9
NSFTV176@8cfa8fb2.0,98.85714286,36.75833333,1.891666667,0,2.668384945,131.6666667,26.29166667,14.5,5.152327739,5.318936654,0.847,9.099141667,3.6986,2.46,6,22.505,6.458333334,9.8
NSFTV177@15e6c437.0,76,24.28888889,1.166666667,0,3.595026545,90,20.36666667,10.5,4.894441903,5.02148531,0.881,7.960258333,3.238133333,2.458,8,13.39,6.625,7.6
NSFTV178@480f7505.0,88,41.88333333,1.541666667,0,3.215536924,159.75,30.1,9.818181818,5.318565527,5.484796933,0.847,6.7898,2.764791667,2.456,6,27.28666667,5.916666667,8.05
NSFTV179@5505a767.0,71.83333333,20.725,0.816666667,0,3.585831078,97.41666667,20.775,10.25,4.658710953,4.743481802,0.919,7.486616667,3.5665,2.099,9,21.43,6.875,8.7
NSFTV180@f948d7b5.0,79.41666667,31.85833333,1,0,3.10980473,112.75,25.6,9.333333333,4.820281566,5.012855051,0.825,7.188383333,3.593733333,2,8,18.94333333,6.875,8
NSFTV181@8cd35626.0,107.2222222,34.03333333,1.0125,0,3.341093458,126.1666667,22.95555556,12.11111111,5.106496286,5.336663572,0.794,7.519775,3.513616667,2.14,9,18.605,7,7.45
NSFTV182@024bbd20.0,107.3333333,32.85,1.441666667,NA,2.90416508,128,23.93333333,13.66666667,5.321382639,5.451515212,0.878,8.541775,3.380958333,2.526,7,18.245,7,7.4
NSFTV183@c08a5ea2.0,94,34.07777778,1.7,0,2.751535313,122.4444444,22.86666667,11.55555556,5.139712336,5.252709633,0.893,8.686627273,3.092918182,2.809,1,23.87,5.75,7.6
NSFTV184@7119ebee.0,83.75,35.5,1.133333333,0,2.608843551,117.8333333,23.57777778,11.33333333,4.89987301,5.059136816,0.853,7.369758333,3.99045,1.847,7,19.425,7,8.8
NSFTV185@c97be7ae.0,92.5,32.18333333,1.441666667,0,2.922265122,127.4166667,22.26666667,10,4.805386233,4.971547905,0.847,9.431745455,3.162709091,2.982,3,22.74333333,5.708333334,7.75
NSFTV186@4559ff3f.0,87.5,38.81666667,1.05,0,3.098589659,107.0833333,26.78181818,10.54545455,5.035771267,5.240784551,0.815,7.433666667,3.4992,2.124,5,17.14333333,6.458333334,7.1
NSFTV187@60e142c3.0,76.33333333,27.525,1.275,0,2.696876901,106,25.1,12.08333333,5.11699531,5.222605545,0.9,9.690625,2.468066667,3.926,7,20.08,6.958333334,8.3
NSFTV188@bf18cbae.0,101.5,40.6,1.822222222,0,2.881069365,120.0833333,23.15,11.83333333,5.49340432,5.672750365,0.836,7.40925,3.131791667,2.366,1,23.25333333,6.5,8.15
NSFTV189@661eaeaa.0,79.75,22.39166667,1.116666667,0,3.64414356,141.6666667,19.52222222,7.888888889,4.7225491,4.849897309,0.88,7.458109091,3.305836364,2.256,2,23.36,5.875,8.05
NSFTV190@bf7afed8.0,111.5,26.75,1.883333333,1,NA,110.6666667,20.56666667,17,5.26096158,5.676753802,0.66,8.359555556,2.733177778,3.059,5,23.15666667,6,9.1
NSFTV191@97ce6839.0,82.75,27.70833333,0.891666667,1,3.149882953,152,31.15833333,7.833333333,4.505851985,4.643516391,0.871,9.517816667,2.7633,3.444,7,19.475,5.083333334,9.4
NSFTV192@fdd98970.0,55.75,27.35833333,1.15,1,3.301990732,93.75,20.93333333,6.888888889,3.704663322,4.185513949,0.618,8.151533333,3.540883333,2.302,3,19.425,6.916666667,NA
NSFTV193@5632be21.0,101.5,42.34444444,1.877777778,0,2.449567283,120.1818182,27.68888889,12.88888889,5.592643982,5.800774741,0.812,8.908483333,3.273916667,2.721,1,22.18,5.791666667,8.4
NSFTV195@3c10a4b8.0,92,31.21666667,1.55,0,2.722756348,95.5,23.82222222,10.77777778,4.742755849,4.985317486,0.785,10.29484167,3.689725,2.79,1,16.86,3.583333334,8.2
NSFTV198@818143d8.0,84.75,21.55833333,1.316666667,0,3.205452805,90.83333333,23.13333333,9,4.88692564,5.026866489,0.869,9.716916667,2.708091667,3.588,2,22.41333333,5.555555556,9.8
NSFTV199@958ed737.0,91.75,35.10833333,1.5,0,2.961830722,116.0833333,22.93333333,12.55555556,5.047002938,5.618385955,0.565,6.802872727,3.336309091,2.039,NA,20.36666667,NA,NA
NSFTV200@c8a73fe7.0,103.75,30.88888889,1.166666667,0,3.80666249,137,23.47777778,7.666666667,4.626061545,4.772566093,0.864,8.027308333,2.769508333,2.898,2,27.87333333,5.777777778,6.8
NSFTV201@263f2baf.0,105.6666667,35.88888889,1.588888889,0,2.456735773,111.25,25.9,10.88888889,4.955044279,5.072392172,0.889,9.34845,3.53535,2.644,2,23.74,6.041666667,9.15
NSFTV202@ccdc6d39.0,93,33.6,1.433333333,0,3.149882953,127.25,22.38888889,10.125,4.641180624,5.017279837,0.687,9.380325,2.977608333,3.15,1,21.225,5.25,9.05
NSFTV203@f46f03bf.0,81.83333333,35.41666667,1.058333333,0,3.944812828,143.8333333,26.56666667,8.5,4.708027571,4.820281566,0.894,7.877266667,2.76445,2.849,6,22.695,5.75,7.65
NSFTV204@778cea6e.0,76.75,25.05555556,1.077777778,0,3.113515309,112.6666667,19.06666667,8.222222222,4.672828834,4.890975498,0.804,9.621641667,3.94675,2.438,8,16.34,6.141666667,9.05
NSFTV205@348853a5.0,78.25,29.41666667,1.341666667,1,2.862200881,115.3333333,23.84166667,9.416666667,4.94875989,5.037601742,0.915,9.4767,3.619025,2.619,7,15.13333333,6,10.05
NSFTV206@37249a74.0,101.4166667,37.7,1.055555556,0,3.468336684,187.8888889,34.68888889,9.444444444,4.615120517,5.091019824,0.621,8.714466667,3.077716667,2.831,6,27.09333333,6.583333334,7.5
NSFTV207@d628ec3a.0,100,40.95833333,1.391666667,0,3.441130092,121.5,29.55555556,11.55555556,5.170483995,5.472270674,0.739,8.444055556,2.960244444,2.852,3,23.26,6,7.6
NSFTV208@e876c9ec.0,112.9,42.24444444,1.188888889,0,3.786711703,141,24.38888889,13.33333333,5.068904202,5.18178355,0.893,7.999666667,2.720216667,2.941,2,22.73,7,7.5
NSFTV209@5384be83.0,84.5,25.27777778,1.088888889,0,3.55296427,88.55555556,24.06666667,11.66666667,5.050923813,5.123467825,0.93,7.4538,3.156941667,2.361,1,24.97666667,5.583333334,7.5
NSFTV211@5497b233.0,70.08333333,23.79166667,1.083333333,1,3.083437854,101.1666667,20.36666667,7.5,4.508108473,4.601831285,0.911,8.923466667,3.604725,2.475,6,0.063333333,6.958333334,9.7
NSFTV212@330798b4.0,89.25,37.8,1.708333333,0,2.777783539,138.9166667,25.1,11.66666667,4.91876364,5.147978856,0.795,9.485558333,3.272391667,2.899,NA,NA,6,NA
NSFTV213@b2320902.0,82.5,33.36666667,1.433333333,0,2.730029108,120.0833333,23.475,10.91666667,5.12148074,5.334729653,0.808,9.409616667,3.367525,2.794,8,12.79666667,2,8
NSFTV214@34df4fca.0,98.58333333,38.4,1.466666667,0,2.880219386,123.1666667,26.71111111,12.77777778,5.247024072,5.416504361,0.844,9.39707,2.5966,3.619,4,22.96,6.055555556,8.6
NSFTV215@fed1dbae.0,103.0833333,32.45,1.45,0,2.876385516,101.0833333,22.51666667,10,4.899082808,5.006180944,0.898,8.7648,3.501758333,2.503,6,22.905,5.541666667,8.7
NSFTV216@149fb038.0,109.0833333,30.80833333,0.929166667,0,3.663561646,103.3333333,21.82222222,9.777777778,4.932509939,5.101528018,0.844,7.008625,3.43315,2.041,9,19.18333333,7,7.35
NSFTV217@915c0033.0,79.5,31.38333333,0.916666667,0,2.862200881,120.75,28.20909091,11.45454545,5.200002678,5.386994023,0.829,9.3689,2.562808333,3.656,9,13.68,6.375,8.6
NSFTV218@85da3a70.0,85.83333333,25.425,0.866666667,0,3.245193133,113.75,24.9,9.833333333,4.62333749,4.918154441,0.745,9.46975,2.615783333,3.62,9,11.835,3.208333334,9
NSFTV219@199f4455.0,56.25,23.48333333,0.983333333,0,3.390024081,87.75,18.26666667,6.666666667,4.204692619,4.447984602,0.784,9.0154,3.449654545,2.613,9,17.555,6.25,8.55
NSFTV220@c5bf98cc.0,62.83333333,30.86666667,1.025,1,3.54337187,95.25,19.85555556,7.888888889,3.978831675,4.175784894,0.821,8.0079,3.501618182,2.287,6,18.82666667,7,10.7
NSFTV221@311aaf30.0,72.66666667,29.78333333,0.925,0,3.171085161,117,22.975,6.5,4.558253266,4.684443367,0.881,8.3324,2.88335,2.89,8,16.89,5.833333334,8.45
NSFTV222@7cfe4a0c.0,79.75,29.94166667,1.1,0,3.834061464,143.25,27.00833333,10.75,4.862393051,4.976158865,0.892,8.061483333,3.027325,2.663,9,20.255,5.333333334,9.05
NSFTV223@f73fa9e9.0,86.08333333,28.88333333,1.375,1,2.871679625,121.1666667,22.22727273,8.818181818,4.83958333,5.018382981,0.836,9.931816667,3.145108333,3.158,1,17.715,5,9.1
NSFTV224@f2e9bed5.0,89.75,27.39166667,0.991666667,1,3.044522438,110.5833333,21.41818182,11,4.806997237,4.978612854,0.842,8.123975,3.57265,2.274,9,16.765,6.375,10.95
NSFTV225@a31b4a06.0,77.25,31.46666667,1.308333333,0,3.083437854,103.0833333,22.83333333,10.77777778,5.191946239,5.279041873,0.917,7.94155,3.916983333,2.027,9,13.58,6.166666667,8.75
NSFTV226@536afc14.0,78.75,28.075,1.591666667,0,2.63905733,100,23.25833333,10.25,4.846153655,4.977882508,0.877,9.8589,3.683,2.677,1,12.81333333,3,8.8
NSFTV227@a7983b03.0,107.1666667,31.29166667,1.133333333,0,3.208825489,145.9166667,27.975,8,4.905891872,5.064702515,0.853,8.33975,3.425516667,2.435,9,24.67333333,5.291666667,8.25
NSFTV228@195567bf.0,77.91666667,28.74166667,1.066666667,0,3.771482983,118.8181818,24.39166667,9.916666667,4.882801923,4.902802589,0.98,8.358458333,3.06465,2.727,8,26.58666667,5.694444445,8.5
NSFTV231@49649a00.0,65.5,17.84166667,1.041666667,0,4.171819874,75.08333333,19.80833333,8.833333333,4.334017415,4.406719247,0.93,7.757816667,3.02635,2.563,1,23.82,6.5,9.65
NSFTV232@c528bce0.0,66.66666667,25.14166667,1.058333333,1,3.373026505,70.58333333,15.63333333,9.833333333,4.656554385,4.725777512,0.933,7.020018182,3.493909091,2.009,8,13.91,6.833333334,7.85
NSFTV233@ca615802.0,69.58333333,22.04166667,0.883333333,1,3.139110856,81.91666667,18.08333333,8.25,4.433788569,4.571268634,0.872,7.2806,3.3197,2.193,9,13.46,7,7.95
NSFTV234@32ca1759.0,75.25,20.96666667,1.1,0,4.124442593,83.5,23.76363636,8.272727273,4.691347882,4.766438334,0.928,8.013363636,3.132063636,2.558,4,22.15,5,8.55
NSFTV235@13ae4f27.0,82.91666667,28.20833333,1.183333333,0,3.688879454,139.5,25.36363636,8.545454545,4.724971386,4.85557511,0.878,7.929525,3.029175,2.618,2,23.36333333,5.875,8.1
NSFTV236@eb17cda6.0,82.08333333,27.25,1.158333333,1,3.238678452,117.25,22.92222222,10.33333333,4.901564199,5.187385806,0.751,7.323566667,3.17715,2.305,8,0.353333333,6.666666667,8.35
NSFTV237@dc2cf39b.0,75.58333333,22.8,0.958333333,1,2.823361048,95,23.33333333,9,4.539742381,4.685981829,0.864,11.23425833,2.818841667,3.985,7,11.40666667,2,9.6
NSFTV239@523d5ec4.0,78.5,26.3,1.455555556,0,2.756840365,106.8888889,24.6875,10.125,4.734442522,4.888090941,0.858,9.001075,3.558016667,2.53,1,13.54,3.208333334,8.9
NSFTV240@6f263bd1.0,77.33333333,24.26666667,1.358333333,0,2.751535313,103.75,24.17272727,11.81818182,4.895122407,5.034588535,0.87,9.196941667,3.587908333,2.563,1,12.58,3.666666667,8
NSFTV241@2a7724c1.0,92.25,25.83333333,1.183333333,0,3.54577861,98.77777778,24.8,10,4.954260887,5.164150852,0.811,7.828690909,2.730781818,2.867,1,25.21333333,7,8.15
NSFTV242@b21f7528.0,81.75,26.46666667,1.275,0,3.198673118,115.1666667,21.75555556,9.111111111,4.994136295,5.085349143,0.913,8.778472727,3.201018182,2.742,5,19.32333333,5.375,8.25
NSFTV243@44aeff79.0,61.75,29.27777778,1,0,3.633190548,86.33333333,20.71666667,8,4.421848129,4.588363068,0.847,9.918509091,3.147372727,3.151,9,19.97,5.375,7.95
NSFTV244@5efe8622.0,106.4166667,42.08888889,1.288888889,0,3.251665648,100.5,30.6,12.85714286,4.968423445,5.479712568,0.6,9.576363636,2.889827273,3.314,3,22.33666667,6.5,8.5
NSFTV245@8a41a10a.0,78.91666667,29.73333333,1.083333333,1,3.094823176,115.9166667,25.73333333,11.45454545,4.955122584,5.031744257,0.926,8.173258333,3.579341667,2.283,8,19.34666667,6.208333334,9.4
NSFTV246@e0815776.0,94.75,22.79166667,0.891666667,0,3.54337187,125,20.59090909,6.727272727,4.632077639,4.659141709,0.973,7.791483333,3.058958333,2.547,7,24.17,5.316666667,9.35
NSFTV247@de7ac7bf.0,74.91666667,21.90833333,0.716666667,1,3.617651945,97.25,22.975,8.818181818,4.483943729,4.610986571,0.881,7.9549,3.6031,2.208,9,15.46333333,6.583333334,9.8
NSFTV248@9b37187d.0,77.5,29.33333333,1.158333333,0,2.833213344,119.5833333,22.24545455,9.727272727,4.972335369,5.177176427,0.815,8.566533333,3.647433333,2.349,8,14.78,6.791666667,9.1
NSFTV249@87621330.0,74.33333333,29.3,1.308333333,1,3.326234343,103.25,23.28333333,8.166666667,4.55562974,4.967495801,0.662,8.297590909,3.849690909,2.155,6,16.69666667,6.083333334,9.15
NSFTV250@88e1f162.0,57.75,28.63333333,0.966666667,1,3.32323584,94.66666667,19.46666667,7,4.158883083,4.331928798,0.841,7.523325,3.658483333,2.056,9,16.30333333,6.875,7.75
NSFTV251@f25ad349.0,87.75,28.76666667,1.1,0,3.146305132,90,24.39166667,10.25,4.860458191,5.127924381,0.765,8.986816667,2.298658333,3.91,8,20.22333333,5.333333334,8.9
NSFTV252@56f5103e.0,75.75,36.01666667,1.016666667,0,3.874667219,136.25,23.15555556,7.111111111,4.518819748,4.736198448,0.805,10.34176667,2.684391667,3.853,4,25.27,5.75,8.25
NSFTV253@1911c363.0,82.66666667,23.86666667,1.333333333,0,2.995732274,110.8888889,20.21666667,11.83333333,4.815566164,5.061539624,0.782,8.012216667,2.947133333,2.719,8,17.77666667,4,8.3
NSFTV255@3fb62843.0,95.91666667,24.96666667,1.133333333,0,3.657130756,124.3333333,22.58888889,8.222222222,4.49980967,4.602439187,0.902,7.688191667,3.090925,2.487,2,25.93333333,6,NA
NSFTV256@0be20a08.0,62.75,27.88333333,1.008333333,0,3.463128339,100.6666667,18.1125,8.875,4.354375103,4.506855497,0.859,8.1721,3.530291667,2.315,9,18.43,6.708333334,8.85
NSFTV257@cb9c18df.0,66.83333333,27.62727273,0.981818182,0,3.070633582,90.75,18.54166667,8.166666667,4.491441421,4.736929176,0.782,9.782033333,3.155941667,3.1,8,18.22333333,5.361111111,9.6
NSFTV258@60c362f1.0,102.5,26.51666667,1.241666667,0,2.999890284,125.75,29.95,9,4.748548769,4.882801923,0.874,10.01429,2.62081,3.821,9,22.65333333,6.158333334,8.75
NSFTV259@fe70ec33.0,103.4166667,30.50833333,1.175,0,3.375879574,148.3333333,27.32222222,7.444444444,4.891032422,5.011241171,0.887,9.073908333,3.380366667,2.684,7,27.29333333,5.75,8.8
NSFTV260@bfa16661.0,89.41666667,32.13333333,1,0,3.251665648,168,32.86666667,8.333333333,4.543294782,4.87866113,0.715,9.343808333,2.827325,3.305,3,22.80333333,5.5,9.65
NSFTV261@ceb798a3.0,79.75,30.28333333,1.125,1,3.963982744,102.6666667,19.34545455,6.636363636,4.289213335,4.377470818,0.916,7.996266667,2.775916667,2.881,9,25.45333333,4.583333334,8.4
NSFTV262@f30e146b.0,103.4166667,27.81666667,1.408333333,0,3.462890951,130,20.91666667,8.5,4.899195732,4.976106587,0.926,8.038845455,3.074954545,2.614,7,25.365,4.875,8.65
NSFTV263@c7d2513e.0,73.25,27.33333333,1.225,0,2.931193752,108.1666667,19.94545455,11.72727273,5.084223651,5.185861028,0.903,7.8336,3.766341667,2.08,9,15.97333333,6.791666667,8.25
NSFTV264@f2f12364.0,78,23.63333333,1.4,0,3.075774981,102.8333333,19.11666667,10,4.841558964,4.968655222,0.881,9.503625,3.584991667,2.651,8,14.36333333,6.541666667,8.85
NSFTV265@544f48c0.0,77.91666667,31.31666667,1.316666667,0,2.818398258,127.5833333,22.35,9.375,4.946823781,5.076309534,0.879,8.284825,3.989291667,2.077,8,15.515,6.625,9.85
NSFTV266@f7da2506.0,70.75,21.175,0.991666667,1,2.881069365,110.1666667,21.13333333,8.333333333,5.081404365,5.155857343,0.928,7.5431,3.597675,2.097,8,14.025,6.541666667,8.35
NSFTV267@aceb3352.0,77.16666667,19.28333333,0.591666667,1,3.506557897,97.25,18.79166667,9.666666667,4.471638793,4.575569716,0.901,7.441141667,3.39825,2.19,6,14.455,6.5,8.7
NSFTV268@b49ad0db.0,60.4,37.61666667,1.108333333,1,3.388618599,106,22.39166667,7.916666667,4.369447852,4.537069773,0.846,9.0544,3.399858333,2.663,8,17.60666667,5.516666667,8.65
NSFTV269@092f15e7.0,105.8333333,34.975,1.075,1,3.113515309,92.58333333,24.74166667,9.090909091,4.904657304,5.278964638,0.688,9.581616667,2.68765,3.565,1,15.78333333,2.791666667,10.55
NSFTV270@6815ec6d.0,73.75,24.875,1.45,0,2.922265122,108.8333333,22.37272727,8.909090909,4.691347882,4.854158679,0.85,10.7766,3.24625,3.32,8,13.36666667,6.041666667,8.9
NSFTV271@b67fd5f6.0,78.66666667,28.43333333,1.1,0,2.627081139,114.25,24.025,10.66666667,4.870734453,5.110983268,0.786,10.17014167,3.717766667,2.736,9,14.65666667,6.333333334,10.15
NSFTV272@c7301040.0,108.0833333,35.85,1.041666667,0,3.412247218,142.4444444,32.2,7.090909091,4.050994121,4.651359568,0.549,12.54885455,2.940963636,4.267,6,25.55,7,10.15
NSFTV273@493f2b7e.0,82.16666667,29.80833333,1.216666667,0,2.813410717,130.8333333,23.87272727,10.27272727,4.885552956,5.094865028,0.811,9.220925,3.34745,2.755,1,16.08333333,2.083333334,9.5
NSFTV274@7dba928e.0,106,36.325,1.541666667,0,2.590267165,147.9166667,35.68333333,8.916666667,4.717754547,4.967495801,0.779,9.897763636,3.247327273,3.048,1,20.89333333,6.333333334,8.85
NSFTV275@07dac217.0,77.66666667,26.59166667,1.108333333,0,3.012261576,100.25,20.325,9.833333333,4.404684659,4.522693964,0.889,8.566575,3.356825,2.552,6,15.68,6.666666667,8.5
NSFTV276@fc26ce23.0,80.25,33.75833333,1.458333333,1,3.36441813,135.3333333,27.25833333,11,5.379897354,5.466300507,0.917,6.835309091,3.3243,2.056,7,25.25666667,5.416666667,7.75
NSFTV277@1516d75f.0,82.33333333,25.31111111,1.511111111,0,3.075774981,101.1,17.83333333,10.77777778,4.922411061,5.189246271,0.766,8.544,3.848033333,2.22,8,17.01,6.916666667,9.05
NSFTV278@17627a92.0,82,26.25,0.966666667,1,3.567182519,92.83333333,21.6,8.111111111,4.752806185,4.949404428,0.822,7.766466667,3.23775,2.399,9,14.05,6.833333334,8.5
NSFTV279@642238d9.0,57.25,29.2,0.941666667,0,3.235405127,90.91666667,16.95,6.166666667,4.291600343,4.48863637,0.821,8.292808333,3.39995,2.439,2,19.26666667,6.5,11.15
NSFTV280@58d5bdc3.0,84.08333333,34.55,1.408333333,0,2.866951484,114.75,25.70909091,11.27272727,5.097646671,5.45064821,0.703,8.520266667,3.216266667,2.649,3,16.46333333,6.222222222,8.05
NSFTV281@85959164.0,85.33333333,31.675,1.091666667,0,2.857427602,113.6666667,25.45,10.25,4.846153655,5.05465218,0.812,9.467608333,3.343166667,2.832,9,15.83333333,5.666666667,7.3
NSFTV282@5aa7968d.0,80.91666667,21.425,1.466666667,0,3.008154794,79.75,16.77777778,11.11111111,5.201005184,5.357871897,0.855,7.652391667,3.863633333,1.981,8,15.39666667,6.75,8.95
NSFTV283@6b37cb3d.0,77.58333333,28.14166667,1.166666667,0,3.071921412,96.41666667,19.37272727,9.727272727,4.831218605,5.094865028,0.768,8.309283333,3.641125,2.282,8,14.92,2.25,9.6
NSFTV284@a32e0586.0,81,26.55833333,1.183333333,1,3.819542153,104,26.425,9.25,4.952888472,5.11248967,0.852,9.56905,2.580675,3.708,1,24.36666667,5.944444445,7.9
NSFTV285@9baa653c.0,79.5,27.74166667,1.291666667,0,2.650891787,93.16666667,22.51111111,9.222222222,4.91665756,5.089278421,0.841,9.679854545,2.971590909,3.257,1,20.3,5.083333334,8.95
NSFTV286@044639de.0,86,32.88888889,1.622222222,0,3.071921412,105.1666667,25.05555556,11.22222222,4.833632899,5.133835728,0.741,9.431591667,3.400683333,2.773,1,13.96333333,3.791666667,8.45
NSFTV287@0e787735.0,54.5,29.35833333,1.258333333,0,3.063390922,91.08333333,18.61666667,6.416666667,4.220732445,4.428830701,0.812,8.11275,3.747416667,2.165,8,15.04,7,8
NSFTV288@bc6b0af5.0,58,31.025,1.141666667,0,3.164067588,89.33333333,19.03333333,7.083333333,4.143134726,4.414816457,0.762,8.894866667,3.360283333,2.647,7,20.24,7,11
NSFTV289@7fc911f7.0,63,31.94166667,0.941666667,0,3.283414346,98.08333333,20,6.818181818,4.275402695,4.392201963,0.89,8.752466667,3.531341667,2.479,7,17.77333333,6.791666667,9.9
NSFTV290@d864377c.0,74.75,27.99166667,1.008333333,0,3.747541367,90.91666667,18.84545455,10.18181818,4.89239761,4.96284463,0.932,7.16465,3.455941667,2.073,9,15.11666667,6.75,8
NSFTV291@b29d3bf4.0,67.08333333,18.28333333,0.966666667,0,3.387774361,67.75,16.51111111,8.222222222,4.518158809,4.657129925,0.87,7.0208,3.221191667,2.18,8,14.885,6.791666667,7.1
NSFTV292@6d9c7d8b.0,67.83333333,30.63636364,1.390909091,0,3.174575566,107.8181818,21.2,8.875,4.809964599,4.984229093,0.84,8.762516667,3.466158333,2.528,8,17.53333333,6.833333334,9.95
NSFTV293@4c188d7c.0,104.75,26.43333333,1.016666667,0,3.273995124,138.5833333,26.46666667,7.666666667,4.919372468,5.033700567,0.892,8.318841667,3.485533333,2.387,8,25.86333333,5.694444445,7.8
NSFTV294@9a60fd42.0,85.66666667,27.26666667,1.166666667,1,3.326234343,107.25,24.15,10.16666667,5.047716969,5.305375731,0.773,8.383208333,2.685108333,3.122,1,16.39,7,6.5
NSFTV295@e8c621e8.0,78.75,26.06666667,1.25,1,3.308106959,99.75,19.71666667,8.5,4.48863637,4.633109555,0.865,7.924941667,3.796775,2.087,8,12.90333333,7,9.3
NSFTV296@2b81cf74.0,79.75,24.95,1.383333333,0,3.48635519,97.08333333,19.46363636,8.818181818,4.906919516,5.080713996,0.84,8.318083333,3.730366667,2.23,8,15.53,7,8.9
NSFTV297@5ae0bd70.0,82.83333333,24.6,1.375,0,3.222203615,99.91666667,18.14545455,10.63636364,4.894441903,5.276257648,0.683,8.422808333,3.839725,2.194,9,16.77,6.958333334,9.35
NSFTV299@07f246bb.0,70.33333333,27.75,1.075,0,3.799227511,130.25,25.54545455,8.727272727,4.816609141,4.87866113,0.94,8.076133333,3.137541667,2.574,3,23.25333333,5.083333334,7.65
NSFTV300@16d7e397.0,76.25,28.51666667,1.316666667,0,2.908720897,99.75,21.21111111,10.33333333,5.04576841,5.203507062,0.854,8.102783333,3.406666667,2.379,5,18.91666667,7,8
NSFTV301@86556239.0,75.58333333,25.51111111,0.777777778,1,2.722756348,108.2222222,21.24444444,9.444444444,4.834516681,5.009894279,0.839,7.3055,3.293477778,2.218,9,14.95,5.027777778,11.3
NSFTV302@234e0df9.0,79.25,23.65,0.9875,0,2.862200881,101.9166667,22.51666667,9.583333333,4.596241555,4.816690897,0.802,7.0951375,3.2013625,2.216,9,15.24333333,5.416666667,9.6
NSFTV303@73c4fdfb.0,81.75,24.00833333,1.425,0,3.17805383,98.41666667,17.55833333,10.08333333,4.969234428,5.245268145,0.759,8.369708333,3.805808333,2.199,9,16.39,6.625,8.35
NSFTV304@773e969e.0,101.0833333,33.45833333,1.033333333,0,3.606403232,126.5,27.625,9.5,4.802653991,5.029893111,0.797,7.844366667,3.232266667,2.427,5,25.36,6.5,7.6
NSFTV305@8288d278.0,76.08333333,26.15,1.233333333,1,3.128221457,123.25,23.01111111,9.222222222,4.88073367,4.977360505,0.908,9.64742,3.52984,2.733,9,13.72,5.5,9.35
NSFTV306@2c583eed.0,59.5,22.98333333,0.858333333,0,3.392829132,97,18.1,7.555555556,4.249793101,4.491696036,0.785,7.337758333,3.61325,2.031,9,17.01,6.916666667,11.05
NSFTV307@c0d6eca3.0,78,27.125,1.191666667,1,2.674148649,101.5833333,18.28333333,11.33333333,4.779123493,4.92180408,0.867,7.7673,3.790063636,2.049,9,15.40666667,7,8.4
NSFTV308@593def74.0,90.91666667,31.70833333,1.1,0,3.208825489,105.0833333,27.41111111,12.88888889,5.354487638,5.585165758,0.794,8.680591667,2.435808333,3.564,4,20.40666667,4,9.25
NSFTV309@a0a3d697.0,103,30.66666667,1.441666667,0,2.788092909,132.1666667,25.86363636,9.363636364,4.746511908,4.901902094,0.856,9.246408333,3.361191667,2.751,2,19.10333333,5.125,8.2
NSFTV310@fbae20bd.0,84.41666667,24.56666667,1.266666667,0,2.842969519,114.6666667,26.05833333,10.33333333,4.596954713,5.05199048,0.634,10.22410909,2.697636364,3.79,1,10.29,3.541666667,10.5
NSFTV311@137628a5.0,80.5,23.59166667,0.716666667,0,3.516508228,94.66666667,20.6125,10.625,4.729352456,4.929666232,0.818,7.348366667,3.428675,2.143,8,14.98666667,6.916666667,7.65
NSFTV313@872ec0b4.0,86.5,26.91666667,1.291666667,0,3.417726684,123.1666667,24.34166667,10.16666667,5.171430517,5.288687818,0.889,9.052758333,2.508191667,3.609,2,24.215,5.291666667,7.9
NSFTV314@ea28671d.0,81.16666667,40,1.525,0,3.699242241,130.6666667,24.36666667,8.555555556,5.008967237,5.086566999,0.925,8.392516667,2.755825,3.045,4,24.92666667,5.777777778,7.75
NSFTV315@74c9fbbc.0,98.41666667,35.15833333,1.083333333,0,3.113515309,151.6666667,28.2,10.875,5.053346412,5.221828941,0.845,9.068575,3.165725,2.865,3,25.05333333,6,7.5
NSFTV316@b828b757.0,83.41666667,36.825,1.5,1,3.344038968,135.5,26.85,10,5.422142717,5.470358993,0.953,7.020316667,3.026941667,2.319,5,23.285,5.583333334,8.2
NSFTV317@b956dfb5.0,90.75,24.275,1.233333333,1,3.320228319,136.3333333,22.78888889,8.222222222,4.578452798,4.644390899,0.936,8.575916667,3.59995,2.382,2,24.97666667,4.875,8.55
NSFTV318@3eb8fab5.0,96.16666667,30.625,1.491666667,0,3.245193133,145.5833333,26.625,10.16666667,5.184121639,5.226194602,0.959,7.289366667,3.176441667,2.295,6,24.835,5.208333334,7.45
NSFTV319@c7aeb39f.0,100.75,30.4,1.381818182,0,3.496507561,127.2727273,25.94,6.9,4.812184355,4.874433673,0.94,7.7991,3.254908333,2.396,4,23.00666667,5.5,7.4
NSFTV320@cf44b628.0,97.25,28.75,0.991666667,1,3.624340933,126.75,27.11111111,7.666666667,4.8533315,4.902183586,0.952,7.869833333,2.947625,2.67,7,25.04333333,6,8.25
NSFTV321@1f6f13c3.0,81.75,30.64166667,1.533333333,0,3.128221457,131.9166667,25.25,11.16666667,5.136288513,5.197114861,0.941,7.325209091,2.834527273,2.584,6,25.23333333,5.527777778,8.45
NSFTV322@72cef953.0,98.75,31.71818182,1.354545455,0,3.447338538,125,24.27,8,4.899195732,4.94875989,0.952,8.448358333,2.774625,3.045,4,25.93333333,5.472222222,7.5
NSFTV323@1510e4aa.0,103.1666667,35.35833333,1.458333333,0,2.999890284,141.9166667,27.86666667,11.22222222,5.20720669,5.294141995,0.917,7.827616667,2.831783333,2.764,7,24.42333333,4.625,7.4
NSFTV324@0defa551.0,84,26.11666667,1.325,0,3.622116238,133.9166667,24.30833333,9.333333333,4.926649638,4.996085513,0.933,7.288075,2.86105,2.547,3,25.25,6.111111111,8.6
NSFTV325@d0392fe8.0,78.75,23.125,1.233333333,0,3.745574798,154.4166667,26.23333333,9.555555556,4.721740365,5.02028555,0.742,8.051716667,2.7473,2.931,1,22.85666667,4.958333334,8.1
NSFTV326@aeed4684.0,84.25,44.775,1.45,0,3.73369347,125.4444444,30.13333333,9.583333333,5.150397236,5.202173506,0.95,7.658066667,2.746225,2.789,8,24.62,5,7.95
NSFTV327@fb2b3d82.0,90,24.71666667,0.958333333,0,3.723683376,117.5,23.36363636,7.75,4.48863637,4.567468319,0.924,8.0125,2.960275,2.707,8,NA,5.833333334,7.9
NSFTV328@1e4f3933.0,93.5,21.1,0.675,1,4.119037175,130.4166667,20.425,6.333333333,4.22561646,4.373658385,0.862,7.457666667,2.684675,2.778,8,24.89,6.208333334,8.95
NSFTV329@3e58f34c.0,96,31.66666667,1.15,0,3.624340933,132,21.97777778,7.333333333,4.71280085,4.848472807,0.873,7.693391667,2.985466667,2.577,8,25.32,6.35,8.45
NSFTV330@084e8b29.0,100,30.675,1.1,0,3.619886583,137,25.75454545,7.363636364,4.375185103,4.482488809,0.898,9.080083333,3.075125,2.953,3,25.34333333,6.083333334,8.3
NSFTV331@d438bfed.0,95.5,26.54166667,1.133333333,1,3.235405127,113.5,22.21666667,7.333333333,4.364689715,4.439705746,0.928,8.546791667,3.648916667,2.342,9,24.81,5.708333334,9.2
NSFTV332@7e956f22.0,100.6666667,29.34166667,1.041666667,0,3.743604354,133.5,25.86666667,8.444444444,4.782935926,4.893079505,0.896,7.478466667,3.0337,2.465,9,25.36666667,6.25,7.9
NSFTV333@22e60af9.0,62.58333333,26.73636364,0.845454545,0,3.784189634,81.54545455,19.3375,7.875,4.450852826,4.639571613,0.828,7.054790909,3.2684,2.158,9,14.26666667,6.958333334,7.15
NSFTV334@09869491.0,76.58333333,28.41666667,1.316666667,0,2.974678864,112.0833333,20.175,10,5.012855051,5.131376912,0.888,9.118091667,3.80845,2.394,9,17.6,5.527777778,8.65
NSFTV335@1e26852c.0,81.5,24.26666667,1.016666667,0,3.674188739,86.5,19.30909091,8.363636364,4.564348191,4.74255777,0.837,8.485025,3.294875,2.575,9,10.34333333,3.541666667,8.8
NSFTV336@fa180a1e.0,98.25,25.30833333,1.45,0,3.258096538,129,22.43333333,7,4.613318715,4.655690454,0.959,8.207058333,3.325308333,2.468,6,23.915,5.833333334,8.05
NSFTV337@a7bec464.0,81,27.975,1.15,0,4.01186834,127.5833333,23.08181818,9.363636364,4.832667881,4.925275445,0.912,7.922233333,3.237416667,2.447,8,23.17666667,6,6.9
NSFTV338@fed0b9a3.0,79.66666667,31.275,1.058333333,0,2.999890284,111.6666667,23.2,9.636363636,4.862627325,5.00027882,0.871,7.518025,3.688066667,2.038,9,16.52666667,6.666666667,8.15
NSFTV339@b3a301ea.0,86,41.03333333,1.008333333,0,3.915350796,147.25,25.03333333,9.666666667,4.620506526,4.865434345,0.783,8.348808333,3.164966667,2.638,4,23.60333333,6,8
NSFTV340@4b0a7350.0,88.16666667,35.19166667,0.966666667,0,3.988984047,135.6666667,32.54444444,9.777777778,4.814890717,5.27014649,0.634,8.772433333,2.4884,3.525,7,23.00666667,6.25,9
NSFTV341@9f786a86.0,86.75,36.94166667,1.425,0,3.442019376,132,24.44444444,9.444444444,5.16062147,5.229162144,0.934,9.104441667,2.674675,3.404,5,25.45333333,6.583333334,7.4
NSFTV342@ac7a352c.0,90.25,36.23333333,1.408333333,0,2.931193752,118.0833333,25.12222222,11.11111111,5.196038517,5.525452939,0.719,8.109954545,3.013809091,2.691,5,16.38333333,7,8.1
NSFTV343@b663b3f8.0,75.66666667,30.45,1.2,0,2.974678864,118.5833333,22.41666667,11.45454545,4.949404428,5.120168908,0.843,9.059933333,3.346508333,2.707,8,14.38333333,5.361111111,8.55
NSFTV344@a0f35768.0,80,25.45,0.95,0,3.597312261,129.5,22.06363636,8,4.361359998,4.647881304,0.751,7.091933333,3.47735,2.039,6,20.07666667,5.041666667,8.1
NSFTV345@4e35b58a.0,91.75,29.41666667,1.425,1,3.348307918,131.75,22.89090909,7.545454545,4.467995802,4.525733355,0.944,8.375166667,3.6073,2.322,4,23.98,5.166666667,8.9
NSFTV346@80fc89ae.0,84.83333333,35.41666667,1.225,0,3.63758616,129.1666667,24.88888889,8.444444444,5.041664036,5.132584722,0.913,9.194458333,2.663225,3.452,3,26.37,5.333333334,8.8
NSFTV347@853e318c.0,93.25,35.33333333,1.525,0,3.087247382,139.5833333,24.65454545,9.636363636,4.951710615,5.065754593,0.892,9.335483333,3.172291667,2.943,8,21.61666667,5.875,8.6
NSFTV348@a446becd.0,73,25.675,1.108333333,0,3.815879145,123.9166667,23.875,8.083333333,4.62333749,4.684443367,0.941,8.028416667,3.172316667,2.531,3,23.98,5,7.9
NSFTV349@a5a6e2dd.0,93.75,28.10833333,1.3,0,3.851919081,124.0833333,22.1625,10.875,5.153933649,5.246439106,0.912,6.897633333,3.073308333,2.244,3,22.98,6.958333334,7.6
NSFTV350@8adbe877.0,63.5,26.83333333,1.716666667,0,2.233592222,107.5,24.1,10.88888889,4.8506088,4.998440021,0.863,8.77335,3.362083333,2.609,3,17.06333333,4.875,10.8
NSFTV353@af77442b.0,87.75,23.14166667,1.008333333,0,3.654977902,127.6666667,20.61818182,6.909090909,4.928570341,5.00027882,0.931,6.0652,3.114063636,1.948,7,25.125,6.708333334,9.05
NSFTV355@122a975b.0,75.91666667,26.80833333,1.041666667,0,3.412247218,126.3333333,19.87777778,8,4.88073367,4.95774583,0.926,7.69685,3.525558333,2.183,9,14.57666667,6.25,8.7
NSFTV356@f22d2dc6.0,87,31.475,1.283333333,0,3.923622141,151.5833333,28.89090909,10.63636364,4.994752248,5.124504959,0.878,7.946141667,2.971291667,2.674,4,23.50333333,5.416666667,8.05
NSFTV357@cc0ef8cf.0,99.75,26.45833333,1.225,0,2.644992065,149.3333333,25.80833333,8.166666667,5.074652846,5.212214667,0.871,7.628583333,3.059733333,2.493,4,23.5,6.166666667,8.7
NSFTV358@0764178c.0,93.58333333,37.81111111,1.333333333,0,2.953172659,127.25,26.57777778,12,5.444579874,5.748862059,0.738,7.651945455,3.368618182,2.272,9,20.81666667,6.041666667,9.55
NSFTV359@c86f37d0.0,82.41666667,31.26666667,1.644444444,0,3.499029631,131.0833333,26.6125,9.5,5.198497031,5.275327848,0.926,8.216075,2.5574,3.213,7,25.24333333,4.958333334,8.8
NSFTV360@6f068769.0,98.41666667,29.93333333,1.116666667,0,3.392829132,123.8333333,26.35454545,7.909090909,4.728995536,4.86753445,0.871,8.868383333,2.713366667,3.268,7,24.68666667,5.916666667,7.85
NSFTV363@e32c9d62.0,88,28.22,0.92,1,3.284663565,98,22.71,10,4.516338972,5.051137237,0.586,6.606577778,3.403166667,1.941,8,14.39333333,7,8.9
NSFTV364@14e43b02.0,78.75,29.74166667,1.433333333,1,2.633087163,93.08333333,20.95833333,9.583333333,4.907740871,5.05305601,0.865,7.653145455,3.568827273,2.144,7,12.66333333,6.458333334,9.05
NSFTV365@f2e723fc.0,73,26.775,1.083333333,0,3.311151101,88.91666667,22.675,10,4.944614193,5.068379956,0.884,7.867766667,3.159616667,2.49,9,13.08666667,6.291666667,8.8
NSFTV366@73b20824.0,100.75,28.58333333,0.9,0,3.336164911,88,19.7,9.166666667,4.59511985,4.733270189,0.871,7.099283333,3.242758333,2.189,8,16.13,6.75,8.8
NSFTV367@e59cbfbe.0,75.75,27.81666667,1.258333333,0,3.43667177,119.25,22.85454545,7.818181818,4.737792074,4.858401967,0.886,8.496591667,3.277516667,2.592,9,0.056666667,6.875,9.9
NSFTV368@db737b9b.0,79,22.94166667,0.791666667,0,3.557726184,107,21.55,8.75,4.748548769,4.889722365,0.868,6.427725,3.404208333,1.888,9,13.75,7,8.8
NSFTV369@dd2bfbfb.0,75.75,25.49166667,0.925,1,4.074708588,119.5,19.50909091,6.545454545,4.121743536,4.211304214,0.914,9.050966667,2.673,3.386,6,24.85333333,5,9
NSFTV370@bd7aaa87.0,84.33333333,31.375,1.25,0,3.352823797,130.75,24.19166667,8.25,5.10291057,5.210032452,0.898,7.939166667,2.833308333,2.802,3,26.035,5,8.15
NSFTV371@84ad8457.0,83,40.75833333,1.525,0,3.352823797,133.9166667,27.05833333,10.16666667,5.171430517,5.272999559,0.903,8.419166667,2.696658333,3.122,8,23.73333333,6,8.1
NSFTV372@e8f708a5.0,85.5,31.26666667,1.191666667,1,3.814042597,139.75,27.61666667,8,4.870095271,4.935672256,0.937,8.159518182,2.585309091,3.156,6,24.76,5.5,8.3
NSFTV373@c20dfc59.0,88.75,28.85,0.933333333,0,3.550574783,166.6666667,33.3,9,4.42384813,4.880273476,0.634,10.393075,2.396258333,4.337,7,21.47333333,6.291666667,10.05
NSFTV376@de696d95.0,79.5,28.14166667,1.083333333,0,2.633087163,118.75,23.78333333,7.333333333,4.560869927,4.823636148,0.769,10.24314167,3.531991667,2.9,9,20.44333333,5.388888889,9.8
NSFTV377@2779bba9.0,89.08333333,31.79166667,1.55,0,2.944438979,119.6666667,23.71666667,11.33333333,4.864324175,5.026617999,0.85,8.8848,3.153616667,2.817,5,21.27666667,5.916666667,8.8
NSFTV378@eca85a73.0,106.6,30.13,1.01,0,3.799973502,122.9,22.51428571,8.285714286,4.760272794,4.877738621,0.889,7.91285,2.93044,2.7,9,23.42666667,7,8.5
NSFTV379@626cd18d.0,91.66666667,37.54166667,1.408333333,0,2.972742755,130.6666667,24.58333333,9.833333333,4.905891872,5.129405497,0.8,8.919516667,3.100966667,2.876,5,23.76,5.916666667,8.75
NSFTV380@238f25f1.0,92.75,40.34444444,1.077777778,0,2.966131804,100,26.4,11.28571429,5.001706663,5.269002979,0.765,6.957,3.41615,2.037,9,17.91333333,7,8.25
NSFTV381@77f6728e.0,90.83333333,33.3,1.716666667,1,2.674148649,132.5833333,31.12222222,9.888888889,5.209030676,5.48341285,0.76,7.690841667,3.390733333,2.268,8,22.3,5.958333334,8.8
NSFTV384@9764b3c8.0,90.16666667,35.94166667,1.541666667,0,2.885731378,128.0833333,24.21111111,10.55555556,4.912041953,5.180378069,0.765,8.70385,3.099566667,2.808,4,22.52,4.833333334,9.25
NSFTV385@3b25c24f.0,83.75,27.33636364,1.018181818,0,3.808512629,128.8333333,26.39,9.9,4.661722355,4.891715249,0.795,8.4533,2.843408333,2.973,6,23.81666667,5.916666667,7.95
NSFTV386@4f4f777a.0,82.66666667,33.5,1.408333333,0,2.978925155,113.0833333,24.10833333,10.5,5.289949117,5.512756477,0.8,8.12595,3.028033333,2.684,7,16.38,6.875,7.7
NSFTV387@a08839ce.0,78.33333333,26.625,1.416666667,0,2.818398258,88.08333333,20.38181818,11.81818182,5.069475794,5.168415742,0.906,7.983941667,3.28515,2.43,9,9.833333333,6.75,8.35
NSFTV388@3afe3c0b.0,90.81818182,31.35454545,1.054545455,0,3.207906793,96.18181818,24.08,10.3,4.952299717,5.236441963,0.753,7.258427273,3.240109091,2.24,9,16.01666667,7,8.45
NSFTV389@7126c359.0,106.75,36.88888889,1.544444444,0,2.577688383,120.5833333,26.95555556,13.77777778,5.020952261,5.624418549,0.547,7.795258333,3.315541667,2.351,9,16.16,7,10.9
NSFTV390@5c592759.0,91.25,34.95555556,1.477777778,1,3.208825489,120.1666667,31.6,12.44444444,4.529008825,5.21312252,0.505,8.814941667,2.829183333,3.116,2,22.42,6.166666667,9.35
NSFTV391@180a155f.0,86.08333333,27.24166667,1.166666667,0,2.813410717,101.6666667,26.0375,10.875,4.816609141,5.219372541,0.668,9.838209091,2.522709091,3.9,8,20.50666667,4.916666667,9
NSFTV392@c4a397e5.0,89.41666667,35.98333333,1.608333333,0,3.120895417,121.8333333,24.91818182,11.09090909,4.77529647,5.235958287,0.631,9.709733333,3.048116667,3.185,5,13.65666667,3.5,9.7
NSFTV394@1f856ac1.0,86,27.525,1.158333333,0,3.142714464,118.3333333,22.42222222,9.444444444,4.711166863,4.891032422,0.835,9.440883333,3.288691667,2.871,6,14.88,3.361111111,7.9
NSFTV395@ffde60f9.0,90.58333333,33.1,1.408333333,1,2.788092909,117.5,26.68333333,10.83333333,5.035869765,5.178970609,0.867,8.98575,3.295866667,2.726,1,21.31,5.5,8.95
NSFTV396@1eb5d579.0,84.66666667,22.50833333,1.175,0,2.935628349,91.66666667,21.85,11.16666667,5.150397236,5.293304825,0.867,9.006554545,2.5468,3.536,6,25.02,5.291666667,8.425
NSFTV397@45d3c920.0,88.25,29.125,1.158333333,0,2.679879324,91.83333333,22.5625,13.625,5.167380009,5.416504361,0.779,9.16204,2.44306,3.75,1,22.622,5.805555556,8.875
NSFTV398@0c8eb926.0,98.5,29.67777778,1.388888889,1,3.135494216,106.8333333,24.54444444,11.22222222,5.325716341,5.524567199,0.82,9.236033333,2.70205,3.418,1,17.206,7,9.575
NSFTV399@12a175c1.0,78.91666667,25.3,1.275,0,2.696876901,94.33333333,24.03333333,12.08333333,5.270432163,5.38907173,0.888,8.841466667,2.556191667,3.459,1,21.13,4.611111111,9.45
NSFTV400@61876b53.0,93.75,30.8,1.4,1,3.044522438,109.5833333,25.3,11.83333333,5.371800143,5.487559366,0.891,9.343783333,2.744016667,3.405,1,17.195,7,8.05
NSFTV616@298c9652.0,81,26.33333333,1.05,0,3.54577861,111,33.31666667,11,4.96517292,5.411646052,0.64,10.14395,2.270733333,4.467,1,25.525,7,9.6
NSFTV618@a4acb3d5.0,78.5,27.93333333,1.4,0,3.308106959,86.83333333,20.15,10.16666667,4.8978398,5.11599581,0.804,7.73225,3.230666667,2.393,9,15.885,7,9.1
NSFTV619@f7e71b48.0,78,23.88333333,1.35,0,3.171085161,81.83333333,23.31666667,9.666666667,4.773505501,4.881538499,0.898,9.145033333,2.604666667,3.511,9,21.885,6,8.2
NSFTV620@9e09efb3.0,91.5,32.41666667,1.383333333,0,3.428596356,110.1666667,28.8,11,5.177090909,5.372187215,0.823,9.744366667,2.65335,3.672,1,16.865,7,8.25
NSFTV621@b4d6e1d7.0,85.5,22.88333333,1.216666667,1,2.602689685,91.5,24.88333333,12.66666667,4.944020545,5.379897354,0.647,9.36144,2.58132,3.627,8,24.065,7,8.6
NSFTV622@fb21dae1.0,83.5,28.31666667,1.016666667,0,3.444682494,84.66666667,22.51666667,11.33333333,4.739118158,5.377590547,0.528,8.56675,3.116283333,2.749,8,13.055,7,9.1
NSFTV624@961237a1.0,86.5,31.36666667,1.1,0,2.685577345,98.16666667,25.83333333,13.16666667,4.715518243,5.388310405,0.51,9.06872,2.35872,3.845,1,22.555,7,8.75
NSFTV625@38ab4ed4.0,85.5,28.15,1.05,0,2.782951509,102.1666667,23.3,12.83333333,4.787491743,5.321382639,0.586,9.044283333,2.3568,3.838,NA,22.65666667,7,8.25
NSFTV626@630c7f90.0,90.5,29.38333333,1.016666667,0,3.36729583,96.16666667,25.76666667,11.66666667,5.185521872,5.441695949,0.774,7.587733333,3.014233333,2.517,NA,27.44,7,8.35
NSFTV627@9b34fda6.0,62,24.1,1.033333333,0,2.302585093,78.33333333,19.21666667,7.666666667,3.444682494,3.908684104,0.629,9.921,2.810216667,3.53,NA,22.68333333,7,8.15
NSFTV628@3995b6ff.0,81.5,16.2,1.25,0,3.004031076,75.16666667,17.73333333,6.666666667,4.288173726,4.420846627,0.876,9.632383333,2.818266667,3.418,1,20.29666667,7,9.85
NSFTV629@ce3f9303.0,72.5,21.8,0.925,0,3.079613758,98,20.15,9.25,4.995521656,5.079850363,0.919,9.7649,2.5815,3.783,NA,17.96,5,8.75
NSFTV630@76db905a.0,84.5,30.66666667,1.283333333,0,2.944438979,88.66666667,24.18333333,9.833333333,4.88909521,4.977882508,0.915,8.78595,2.43575,3.607,NA,19.78,5,9.85
NSFTV632@77522873.0,81.5,27.45,1.383333333,0,2.696876901,94.83333333,27.03333333,13,5.151362954,5.274707501,0.884,9.2707,2.525183333,3.671,NA,21.11,5,9.8
NSFTV633@b23710c4.0,94.5,26.21666667,1,0,3.516508228,88.16666667,24.48333333,9.166666667,5.041272264,5.205836514,0.848,8.48015,2.406183333,3.524,NA,26.37,7,9.35
NSFTV634@924bd3ae.0,89,34.5,1.5,1,3.52144651,107.1666667,28.53333333,9.666666667,5.059425458,5.156177599,0.908,9.47815,2.648166667,3.579,NA,26.13,7,8.65
